Workbook

Sheet TomTat_SuaLoi
A1: FineZip — bảng số liệu đã sửa & danh sách lỗi
A2: Mọi con số gốc lấy từ FineZipExperiment.xlsx và 5 notebook đã tải lên; công thức tính lại nằm ở các sheet GD*.
A4: Có bắt buộc chạy lại không?
A5: KHÔNG để sửa bảng: các lỗi 1–6 chỉ là tính toán/trình bày lại từ số đã có. Cần bổ sung (không bắt buộc cho phần sửa): đo kích thước adapter (không cần GPU), thời gian giải nén + GPU peak của FineZip (vài chục phút, đề bài có yêu cầu). Chi tiết ở sheet CanChayLai.
A7: # | B7: Vấn đề trong bản gốc | C7: Bản gốc ghi | D7: Sau khi sửa | E7: Chạy lại?
A8: 1 | B8: Cột 'Compressed size ≈ B' của LLMZip-lite sai ở ctx 32–256 (chia bit cho 10 thay vì 8) | C8: 149,487 / 134,948 / 125,485 / 116,416 B | D8: ≈ 186,860 / 168,685 / 156,856 / 145,521 B (GD3_FixedContext, mục B). Cột ratio trước đây đã đúng. | E8: Không
A9: 2 | B9: Hai quy ước 'ratio' trộn lẫn (gốc/nén và nén/gốc) | C9: 0.18686 cạnh 5.352× | D9: Chuẩn hoá: Ratio = gốc/nén (×); Compressed % = nén/gốc (cùng quy ước paper). | E9: Không
A10: 3 | B10: Bảng LoRA so sánh sai cặp (khác pipeline) | C10: GPT-2 128: 4.154× vs LoRA 6.657× | D10: Cùng AC: 6.375× → 6.657× (ctx128), 7.028× → 7.363× (ctx512): giảm kích thước 4.2% / 4.6% (GD35_LoRA, mục 1). | E10: Không
A11: 4 | B11: Chưa tính kích thước adapter vào file nén | C11: 3,253,104 bytes (≈3.10 MiB) | D11: Adapter 811.008 tham số ≈ 1.6 MB (fp16) – 3.2 MB (fp32) ≫ file nén 136 KB → ở 1 MB LoRA không có lợi ròng; điểm hoà vốn ≳ 250 MB (GD35_LoRA, mục 2). | E11: Chỉ cần đo adapter thật (ls) done
A12: 5 | B12: Thời gian so sánh khác batch (LLMZip-lite & FineZip ctx32 batch 1; FineZip GĐ3 batch 64) | C12: FineZip ctx32: 2740 s (GĐ2) vs 61.6 s (GĐ3) | D12: Thêm cột Batch; hệ số 45× chỉ do batch (GD2_Baseline!B19). Không kết luận 'FineZip nhanh hơn LLMZip-lite N lần'. | E12: Không (tuỳ chọn: cùng batch)
A13: 6 | B13: Hai lần đo thời gian enc FineZip khác nhau | C13: 61.6 / 67.2 / 83.0 / 114.3 / 178.8 vs 60.8 / 69.1 / 88.8 / 124.8 / 199.0 | D13: Giữ cả hai, dùng số từ file .txt, hiển thị độ lệch 3–11%. | E13: Tuỳ chọn
A14: 7 | B14: Mô tả pipeline sai ('FineZip của nhóm = context cố định + arithmetic coding') | C14: Sheet 'Đánh giá từng giai đoạn' | D14: eval_clean.py (FineZip) = rank + bzip2, chunk, batch. eval_ac.py ('LLMZip-lite') = AC + cửa sổ trượt. 'Context' hai bên khác nghĩa. | E14: Không
A15: 8 | B15: 'Training time/memory của LoRA chưa có' | C15: ⚠ chưa có | D15: Đã có trong notebook: 48.6 s, peak 2,749 MiB allocated / 3,024 MiB reserved (GD35_LoRA, mục 4). | E15: Không
A16: 9 | B16: Thiếu thời gian giải nén & GPU peak theo từng ctx (FineZip) | C16: Để trống / '...' | D16: Đánh dấu vàng 'CHƯA ĐO'. LLMZip-lite: dec ctx 32 đã đo, còn lại ghi ước tính ≈ enc. | E16: Nên (FineZip)
A17: 10 | B17: Hai số GPU memory mâu thuẫn | C17: 991 vs 1962 MiB | D17: Khác phạm vi đo (file 1 MB lúc nén vs test 315 B ở GĐ1); ghi chú, chưa kết luận. | E17: Nên đo lại cùng điều kiện

Sheet GD2_Baseline
A1: Giai đoạn 2 — Baseline trên 1 MB enwik8 (đã sửa)
A2: Chữ xanh = số lấy từ notebook/Excel cũ (input) · đen = công thức · xanh lá = liên kết sheet khác · vàng đỏ = chưa đo
A3: Original (bytes) | B3: 1000000
A4: Ký tự (chars, UTF-8 giải mã) | B4: 995768
A5: Token GPT-2 | B5: 286273
A7: Method | B7: Model | C7: Pipeline | D7: Context | E7: Batch | F7: AC bits (nếu có) | G7: Compressed (B) | H7: Ratio (gốc/nén) | I7: Compressed % (nén/gốc) | J7: Bits/char | K7: Enc (s) | L7: Dec (s) | M7: GPU peak (MiB) | N7: Lossless | O7: Tiết kiệm so với bzip2 | P7: Ghi chú
A8: gzip | B8: - | C8: DEFLATE | D8: - | E8: - | G8: 355808 | H8: =$B$3/G8 -> 2.8105045 | I8: =G8/$B$3 -> 0.355808 | J8: =G8*8/$B$4 -> 2.8585614 | K8: 0.0696 | L8: 0.0064 | M8: - | N8: ✓ | O8: =1-G8/$G$9 -> -0.26476683 | P8: GĐ2
A9: bzip2 | B9: - | C9: BWT | D9: - | E9: - | G9: 281323 | H9: =$B$3/G9 -> 3.5546329 | I9: =G9/$B$3 -> 0.281323 | J9: =G9*8/$B$4 -> 2.260149 | K9: 0.0951 | L9: 0.0408 | M9: - | N9: ✓ | O9: =1-G9/$G$9 -> 0 | P9: GĐ2
A10: LLMZip-lite | B10: GPT-2 | C10: AC + cửa sổ trượt (eval_ac.py) | D10: 32 | E10: 1 | F10: 1494873 | G10: =ROUNDUP(F10/8,0) -> 186860 | H10: =$B$3/G10 -> 5.3516001 | I10: =G10/$B$3 -> 0.18686 | J10: =G10*8/$B$4 -> 1.5012332 | K10: 2905.93 | L10: 2851.32 | M10: 995.75 | N10: ✓ | O10: =1-G10/$G$9 -> 0.33578129 | P10: Lần chạy GĐ3 đo lại enc = 2938.72 s. Bytes = ROUNDUP(bits/8).
A11: FineZip | B11: GPT-2 | C11: rank + bzip2, chunk (eval_clean.py) | D11: 32 | E11: 1 | G11: 293093 | H11: =$B$3/G11 -> 3.4118863 | I11: =G11/$B$3 -> 0.293093 | J11: =G11*8/$B$4 -> 2.3547091 | K11: 2740.09 | L11: 2761.86 | M11: 993.43 | N11: ✓ | O11: =1-G11/$G$9 -> -0.04183803 | P11: batch 1
A12: FineZip | B12: GPT-2 | C12: rank + bzip2, chunk (eval_clean.py) | D12: 32 | E12: 64 | G12: 293027 | H12: =$B$3/G12 -> 3.4126548 | I12: =G12/$B$3 -> 0.293027 | J12: =G12*8/$B$4 -> 2.3541789 | K12: 61.62886 | L12: CHƯA ĐO | M12: CHƯA ĐO | N12: ✓ | O12: =1-G12/$G$9 -> -0.041603424 | P12: batch 64 (số của GĐ3). Enc lấy từ dòng cuối file .txt.
A15: Hệ số suy ra từ bảng trên
A16: LLMZip-lite so với gzip (×) | B16: =H10/H8 -> 1.9041421
A17: LLMZip-lite so với bzip2 (×) | B17: =H10/H9 -> 1.5055282
A18: FineZip (bs=1) so với bzip2 (×) | B18: =H11/H9 -> 0.9598421
A19: Tăng tốc do batch: FineZip ctx32, bs 1 → bs 64 (×) | B19: =K11/K12 -> 44.46115
A20: Chênh kích thước FineZip bs1 − bs64 (B) | B20: =G11-G12 -> 66
A22: ⚠ Thời gian giữa các dòng KHÔNG so được thẳng: LLMZip-lite & FineZip(bs=1) chạy tuần tự (batch 1); FineZip(bs=64) chạy song song. Phần lớn chênh lệch tốc độ đến từ batch (ô B19), không phải từ thuật toán.
A23: ⚠ 'Context 32' ở hai pipeline khác nghĩa: LLMZip-lite = mọi token thấy 32 token trước (cửa sổ trượt); FineZip = chunk dài 32, token thứ i chỉ thấy i−1 token trong chunk.
A24: ⚠ GPU peak: 993–996 MiB (GĐ2) khác 1962 MiB (GĐ1, file test 315 B). Hai lần đo khác phạm vi → chưa kết luận; cần reset_peak_memory_stats() ngay trước mỗi lần nén.

Sheet GD3_FixedContext
A1: Giai đoạn 3 — Fixed Context 32…512 (đã sửa)
A2: Cùng 1 MB enwik8, GPT-2, Kaggle T4
A3: Original (B) | B3: =GD2_Baseline!B3 -> 1000000
A4: Chars | B4: =GD2_Baseline!B4 -> 995768
A6: A. FineZip (rank + bzip2, chunk, batch 64)
A7: Context (độ dài chunk) | B7: Compressed (B) | C7: Ratio (gốc/nén) | D7: Compressed % | E7: Δ ratio so với ctx 32 | F7: Enc (s) — từ file .txt | G7: Thời gian × so với ctx 32 | H7: Enc (s) — bảng thô Excel cũ | I7: Lệch giữa 2 lần đo | J7: Dec (s) | K7: GPU peak (MiB) | L7: Bit tiết kiệm / giây thêm (so mức trước) | M7: Lossless
A8: 32 | B8: 293027 | C8: =$B$3/B8 -> 3.4126548 | D8: =B8/$B$3 -> 0.293027 | E8: =C8/$C$8-1 -> 0 | F8: 61.62886 | G8: =F8/$F$8 -> 1 | H8: 60.808464 | I8: =H8/F8-1 -> -0.01331188 | J8: CHƯA ĐO | K8: CHƯA ĐO | L8: - | M8: ✓
A9: 64 | B9: 264110 | C9: =$B$3/B9 -> 3.7863012 | D9: =B9/$B$3 -> 0.26411 | E9: =C9/$C$8-1 -> 0.10948847 | F9: 67.17076 | G9: =F9/$F$8 -> 1.0899238 | H9: 69.091072 | I9: =H9/F9-1 -> 0.028588511 | J9: CHƯA ĐO | K9: CHƯA ĐO | L9: =(B8-B9)*8/(F9-F8) -> 41743.085 | M9: ✓
A10: 128 | B10: 240733 | C10: =$B$3/B10 -> 4.1539797 | D10: =B10/$B$3 -> 0.240733 | E10: =C10/$C$8-1 -> 0.21722822 | F10: 82.953516 | G10: =F10/$F$8 -> 1.3460174 | H10: 88.830186 | I10: =H10/F10-1 -> 0.070842928 | J10: CHƯA ĐO | K10: CHƯA ĐO | L10: =(B9-B10)*8/(F10-F9) -> 11849.388 | M10: ✓
A11: 256 | B11: 222510 | C11: =$B$3/B11 -> 4.49418 | D11: =B11/$B$3 -> 0.22251 | E11: =C11/$C$8-1 -> 0.31691609 | F11: 114.33282 | G11: =F11/$F$8 -> 1.8551831 | H11: 124.82986 | I11: =H11/F11-1 -> 0.091811321 | J11: CHƯA ĐO | K11: CHƯA ĐO | L11: =(B10-B11)*8/(F11-F10) -> 4645.865 | M11: ✓
A12: 512 | B12: 208720 | C12: =$B$3/B12 -> 4.7911077 | D12: =B12/$B$3 -> 0.20872 | E12: =C12/$C$8-1 -> 0.40392392 | F12: 178.8173 | G12: =F12/$F$8 -> 2.9015189 | H12: 199.04195 | I12: =H12/F12-1 -> 0.1131023 | J12: CHƯA ĐO | K12: CHƯA ĐO | L12: =(B11-B12)*8/(F12-F11) -> 1710.7991 | M12: ✓
A13: Cột L = số bit tiết kiệm được cho mỗi giây tính thêm khi tăng context lên mức này. Đây chính là thang đo cho tham số λ của DPPolicy (adaptive_context_finezip.py): λ > giá trị ở hàng nào thì chính sách sẽ KHÔNG chọn lên mức đó.
A14: Hai lần đo thời gian (cột F và H) khác nhau 3–11%: chưa rõ nguyên nhân (khác phiên Kaggle / cách đo). Báo cáo dùng cột F (truy được tới notebook), ghi rõ sai số.
A16: B. LLMZip-lite (arithmetic coding, cửa sổ trượt, batch 1)
A17: Context (cửa sổ trượt) | B17: AC bits | C17: Compressed (B) = ROUNDUP(bits/8) | D17: Ratio (gốc/nén) | E17: Compressed % | F17: Bits/char | G17: Enc (s) | H17: Thời gian × so với ctx 32 | I17: Dec (s) | J17: Bit tiết kiệm / giây thêm | K17: Lossless
A18: 32 | B18: 1494873 | C18: =ROUNDUP(B18/8,0) -> 186860 | D18: =$B$3/C18 -> 5.3516001 | E18: =C18/$B$3 -> 0.18686 | F18: =B18/$B$4 -> 1.5012262 | G18: 2938.72 | H18: =G18/$G$18 -> 1 | I18: =GD2_Baseline!L10 -> 2851.32 | J18: - | K18: ✓
A19: 64 | B19: 1349477 | C19: =ROUNDUP(B19/8,0) -> 168685 | D19: =$B$3/C19 -> 5.9282094 | E19: =C19/$B$3 -> 0.168685 | F19: =B19/$B$4 -> 1.3552123 | G19: 3072.81 | H19: =G19/$G$18 -> 1.0456287 | I19: CHƯA ĐO | J19: =(B18-B19)/(G19-G18) -> 1084.3165 | K19: ✓
A20: 128 | B20: 1254847 | C20: =ROUNDUP(B20/8,0) -> 156856 | D20: =$B$3/C20 -> 6.3752741 | E20: =C20/$B$3 -> 0.156856 | F20: =B20/$B$4 -> 1.2601801 | G20: 3504.67 | H20: =G20/$G$18 -> 1.1925838 | I20: CHƯA ĐO | J20: =(B19-B20)/(G20-G19) -> 219.12194 | K20: ✓
A21: 256 | B21: 1164161 | C21: =ROUNDUP(B21/8,0) -> 145521 | D21: =$B$3/C21 -> 6.8718604 | E21: =C21/$B$3 -> 0.145521 | F21: =B21/$B$4 -> 1.1691087 | G21: 6381.51 | H21: =G21/$G$18 -> 2.1715271 | I21: CHƯA ĐO | J21: =(B20-B21)/(G21-G20) -> 31.522782 | K21: ✓
A22: 512 | B22: 1138347 | C22: =ROUNDUP(B22/8,0) -> 142294 | D22: =$B$3/C22 -> 7.0277032 | E22: =C22/$B$3 -> 0.142294 | F22: =B22/$B$4 -> 1.143185 | G22: 14486.5 | H22: =G22/$G$18 -> 4.9295271 | I22: CHƯA ĐO | J22: =(B21-B22)/(G22-G21) -> 3.1849515 | K22: ✓
A23: Dec ctx 32 = số đo ở GĐ2 (2851 s ≈ 0.97 × enc). Các ctx còn lại chưa đo; có thể ghi 'ước tính ≈ enc' (dec/enc = 0.97–1.01 ở các lần đo GĐ2) thay vì chạy lại ~4 giờ cho ctx 512.
A25: C. Đặt cạnh nhau (tham khảo — KHÔNG phải cuộc thi trực tiếp, xem ghi chú)
A26: Context | B26: Ratio FineZip | C26: Ratio LLMZip-lite | D26: LLMZip-lite / FineZip (ratio) | E26: Enc FineZip (s) | F26: Enc LLMZip-lite (s) | G26: LLMZip-lite / FineZip (thời gian)
A27: =A8 -> 32 | B27: =C8 -> 3.4126548 | C27: =D18 -> 5.3516001 | D27: =C27/B27 -> 1.5681633 | E27: =F8 -> 61.62886 | F27: =G18 -> 2938.72 | G27: =F27/E27 -> 47.684153
A28: =A9 -> 64 | B28: =C9 -> 3.7863012 | C28: =D19 -> 5.9282094 | D28: =C28/B28 -> 1.5656994 | E28: =F9 -> 67.17076 | F28: =G19 -> 3072.81 | G28: =F28/E28 -> 45.746244
A29: =A10 -> 128 | B29: =C10 -> 4.1539797 | C29: =D20 -> 6.3752741 | D29: =C29/B29 -> 1.5347389 | E29: =F10 -> 82.953516 | F29: =G20 -> 3504.67 | G29: =F29/E29 -> 42.248601
A30: =A11 -> 256 | B30: =C11 -> 4.49418 | C30: =D21 -> 6.8718604 | D30: =C30/B30 -> 1.5290577 | E30: =F11 -> 114.33282 | F30: =G21 -> 6381.51 | G30: =F30/E30 -> 55.815208
A31: =A12 -> 512 | B31: =C12 -> 4.7911077 | C31: =D22 -> 7.0277032 | D31: =C31/B31 -> 1.4668222 | E31: =F12 -> 178.8173 | F31: =G22 -> 14486.5 | G31: =F31/E31 -> 81.012854
A32: Không kết luận 'FineZip kém LLMZip-lite' hay 'nhanh hơn N lần' từ bảng này: khác lược đồ mã hoá (rank+bzip2 vs AC), khác ngữ nghĩa context, khác batch (64 vs 1). Muốn so công bằng cần cùng batch và cùng pipeline mã hoá.

Sheet GD35_LoRA
A1: Giai đoạn 3.5 — LoRA / online memorization (đã sửa)
A2: So sánh đúng cặp: CÙNG pipeline arithmetic coding, cùng cửa sổ trượt, chỉ khác có/không LoRA
A3: Original (B) | B3: =GD2_Baseline!B3 -> 1000000
A4: Chars | B4: =GD2_Baseline!B4 -> 995768
A5: Số tham số LoRA (notebook: trainable params) | B5: 811008
A6: Byte / tham số (fp16) | B6: 2
A7: Byte / tham số (fp32) | B7: 4
A8: Kích thước adapter ĐO THẬT (B) — điền sau khi chạy ls -l | B8: 3253104
A9: Adapter dùng để tính (đo thật nếu có, nếu không = fp16 ước tính) | B9: =IF(ISNUMBER(B8),B8,B5*B6) -> 3253104
A10: Adapter fp32 ước tính (B) | B10: =B5*B7 -> 3244032
A12: 1. LoRA vs không LoRA — cùng pipeline AC
A13: Context | B13: AC bits (không LoRA) | C13: AC bits (LoRA) | D13: Bytes (không LoRA) | E13: Bytes (LoRA) | F13: Ratio (không LoRA) | G13: Ratio (LoRA) | H13: Giảm kích thước nhờ LoRA | I13: Bits/char (không LoRA) | J13: Bits/char (LoRA) | K13: Enc (s) không LoRA | L13: Enc (s) LoRA | M13: Thời gian tăng | N13: Lossless
A14: 128 | B14: =GD3_FixedContext!B20 -> 1254847 | C14: 1201663 | D14: =ROUNDUP(B14/8,0) -> 156856 | E14: =ROUNDUP(C14/8,0) -> 150208 | F14: =$B$3/D14 -> 6.3752741 | G14: =$B$3/E14 -> 6.657435 | H14: =1-E14/D14 -> 0.042382822 | I14: =B14/$B$4 -> 1.2601801 | J14: =C14/$B$4 -> 1.2067701 | K14: =GD3_FixedContext!G20 -> 3504.67 | L14: 4973.2294 | M14: =L14/K14-1 -> 0.41902931 | N14: ✓
A15: 512 | B15: =GD3_FixedContext!B22 -> 1138347 | C15: 1086476 | D15: =ROUNDUP(B15/8,0) -> 142294 | E15: =ROUNDUP(C15/8,0) -> 135810 | F15: =$B$3/D15 -> 7.0277032 | G15: =$B$3/E15 -> 7.363228 | H15: =1-E15/D15 -> 0.045567628 | I15: =B15/$B$4 -> 1.143185 | J15: =C15/$B$4 -> 1.0910935 | K15: =GD3_FixedContext!G22 -> 14486.5 | L15: 16030.615 | M15: =L15/K15-1 -> 0.10658991 | N15: ✓
A16: Bảng gốc đặt FineZip-rank 4.154× cạnh LoRA-AC 6.657× (khác pipeline) nên trông như LoRA cải thiện ~60%. Đúng cặp: LoRA chỉ giảm kích thước khoảng 4–5% (cột H).
A17: LoRA chạy chậm hơn (cột M) vì adapter chưa merge: có thể thử model.merge_and_unload() trước khi nén để bỏ chi phí suy luận thêm. Hai lần đo có thể khác phiên Kaggle → coi là xu hướng.
A19: 2. Tính cả chi phí lưu adapter (phải gửi kèm file nén để giải nén được)
A20: Context | B20: File nén LoRA (B) | C20: + adapter (B) | D20: Ratio ròng (gốc / (nén + adapter)) | E20: bzip2 (B) | F20: Ròng so với bzip2 | G20: Tiết kiệm / 1 MB dữ liệu so với không LoRA (B) | H20: Điểm hoà vốn: dữ liệu gốc cần ≥ (MB)
A21: =A14 -> 128 | B21: =E14 -> 150208 | C21: =B21+$B$9 -> 3403312 | D21: =$B$3/C21 -> 0.29383142 | E21: =GD2_Baseline!$G$9 -> 281323 | F21: =IF(C21<E21,"Tốt hơn","Kém hơn") -> Kém hơn | G21: =D14-E14 -> 6648 | H21: =$B$9/G21*$B$3/1000000 -> 489.33574
A22: =A15 -> 512 | B22: =E15 -> 135810 | C22: =B22+$B$9 -> 3388914 | D22: =$B$3/C22 -> 0.29507978 | E22: =GD2_Baseline!$G$9 -> 281323 | F22: =IF(C22<E22,"Tốt hơn","Kém hơn") -> Kém hơn | G22: =D15-E15 -> 6484 | H22: =$B$9/G22*$B$3/1000000 -> 501.71252
A23: Giả định (nên ghi trong báo cáo): adapter có kích thước cố định; mức tiết kiệm tăng tuyến tính theo dung lượng dữ liệu. Thực tế adapter cố định 'nhớ' được ít hơn trên dữ liệu lớn → điểm hoà vốn thật có thể XA hơn con số này. Ở 1 MB, LoRA không có lợi ròng.
A25: 3. Loss / perplexity (hai phép đo khác tập, KHÔNG so với nhau)
A26: Phép đo | B26: Tập đánh giá | C26: Loss trước | D26: Loss sau | E26: Δ loss | F26: PPL trước | G26: PPL sau | H26: Δ PPL | I26: Ghi chú
A27: Trong script huấn luyện | B27: 559 khối × 512 = 286.208 token (chính là dữ liệu huấn luyện) | C27: 3.0574553 | D27: 2.973362 | E27: =D27/C27-1 -> -0.027504353 | F27: 21.273355 | G27: 19.557562 | H27: =G27/F27-1 -> -0.080654553 | I27: In-sample → đúng ý 'memorization'.
A28: Đánh giá nhanh (ctx 512) | B28: 16.352 token đầu của file | C28: 3.1634791 | D28: 3.0850257 | E28: =D28/C28-1 -> -0.024799742 | F28: 23.652742 | G28: 21.868031 | H28: =G28/F28-1 -> -0.075454753 | I28: Một lát nhỏ; không phải toàn bộ 286.273 token.
A31: 4. Cấu hình & chi phí huấn luyện LoRA (ĐÃ CÓ trong notebook versionn3_5_1, ô 115 — Excel cũ ghi 'chưa có')
A32: Mô hình / target | B32: GPT-2 · c_attn, c_proj
A33: r / alpha / dropout | B33: 8 / 16 / 0.05
A34: Epoch · batch · grad accum · lr | B34: 1 · 2 · 4 · 2e-4
A35: Thời gian huấn luyện (s) | B35: 48.614301
A36: Peak GPU allocated (MiB) | B36: 2749.2373
A37: Peak GPU reserved (MiB) | B37: 3024
A38: Tham số huấn luyện / tổng | B38: 811,008 / 125,250,816 (0.6475%)

Sheet CanChayLai
A1: Có bắt buộc chạy lại không?
A2: Ngắn gọn: KHÔNG cần chạy lại để sửa các bảng. Chỉ có vài việc bổ sung nhỏ (cột 'Mức độ').
A3: # | B3: Việc | C3: Mức độ | D3: Vì sao | E3: Chi phí ước tính | F3: Cách làm
A4: 1 | B4: Sửa bytes/ratio LLMZip-lite, chuẩn hoá ratio, cặp so sánh LoRA, cộng adapter | C4: Không cần chạy lại | D4: Chỉ là tính lại từ số đã có (đã làm trong file này). | E4: 0 | F4: —
A5: 2 | B5: Đo kích thước adapter thật | C5: Nên (không cần GPU) | D5: Hiện chỉ ước tính 1.6–3.2 MB. Số thật làm bảng 'hoà vốn' chính xác. | E5: < 1 phút | F5: !ls -l /kaggle/working/finezip_experiment/lora_gpt2_1mb → điền vào GD35_LoRA!B8 | G5: 3,253,104 bytes (≈3.10 MiB)
A6: 3 | B6: FineZip: thời gian GIẢI NÉN và GPU peak cho 5 context (bs 64) | C6: Nên làm (đề bài yêu cầu dec time + memory) | D6: Đang thiếu; decode tự hồi quy có thể nặng hơn encode, và DPPolicy cần mô hình thời gian đúng. | E6: Chưa biết chính xác (chưa từng đo decode ở bs 64); ước tính vài chục phút | F6: Gọi unzip/decompress có bọc time.perf_counter(); reset_peak_memory_stats() trước mỗi lần. Gộp luôn việc chốt lại thời gian enc (dòng dưới).
A7: 4 | B7: Chốt lại thời gian enc FineZip (2 lần đo lệch 3–11%) | C7: Tuỳ chọn | D7: Không đổi kết luận; có thể chỉ ghi sai số. | E7: ~10 phút nếu gộp với việc trên | F7: Chạy lại 5 ctx 1 lần, lấy trung bình.
A8: 5 | B8: LLMZip-lite: dec time cho ctx 64–512 | C8: Không nên chạy | D8: Chạy ctx 512 mất ~4 giờ; dec ≈ enc ở các lần đo (0.97–1.01). | E8: ~8 giờ | F8: Ghi 'ước tính ≈ enc', nói rõ chỉ đo thật ở ctx 32.
A9: 6 | B9: So sánh thời gian công bằng cùng batch | C9: Tuỳ chọn, nên có | D9: Hiện batch 1 vs 64 làm chênh ~45× chỉ do batch. | E9: vài phút/ctx | F9: eval_ac.py --batch_size 64 (nếu hỗ trợ như README mô tả); ghi rõ kích thước file có thể tăng nhẹ do nhiều luồng AC.
A10: 7 | B10: LoRA cho pipeline FineZip thật (rank + bzip2) | C10: Nên làm | D10: Hiện LoRA mới chạy với AC; 'FineZip' trong paper là rank+bzip2+LoRA. | E10: vài phút/ctx | F10: Repo có nhánh finetuned_models trong memory_eval(); nạp PeftModel rồi chạy ctx 128/512.
A11: 8 | B11: Dữ liệu thứ hai / lát khác của enwik8 | C11: Bắt buộc cho GĐ5 | D11: Adaptive chỉ có ý nghĩa khi văn bản không đồng nhất; 1 lát 1 MB chưa đủ kết luận. | E11: — | F11: Ghép wiki + code + bảng số, hoặc lát 5–10 MB.
A12: 9 | B12: GĐ4–5: Adaptive Context, Fixed vs Adaptive, ablation | C12: Bắt buộc (chưa làm) | D12: Đây là đóng góp riêng. | E12: Prototype trên Kaggle, bản cuối trên 4090 | F12: Xem adaptive_context_finezip.py và sheet GD5_MauBang.

Sheet GD5_MauBang
A1: Giai đoạn 4–5 — Mẫu bảng Fixed vs Adaptive
A2: Điền ô xanh (input) hoặc vàng. Cột tính toán tự cập nhật. Chạy Fixed bằng CHÍNH adaptive_context_finezip.py (FixedPolicy) để so sánh cùng khuôn mã hoá.
A3: Original (B) | B3: =GD2_Baseline!B3 -> 1000000
A4: Hàng mẫu (xám) | B4: Số từ MockLM 6.037 token — KHÔNG phải kết quả thật; xoá khi có số thật.
A6: Policy | B6: Compressed (B) | C6: Ratio (gốc/nén) | D6: So với Fixed-512 (kích thước) | E6: Enc (s) | F6: Dec (s) | G6: Tiết kiệm enc so với Fixed-512 | H6: GPU peak (MiB) | I6: Lossless? | J6: Phân bố chunk 32/64/128/256/512 | K6: Ghi chú
A7: Fixed-32 | C7: =IF(ISNUMBER(B7),$B$3/B7,"") | D7: =IF(AND(ISNUMBER(B7),ISNUMBER($B$11)),B7/$B$11-1,"") | G7: =IF(AND(ISNUMBER(E7),ISNUMBER($E$11)),1-E7/$E$11,"")
A8: Fixed-64 | C8: =IF(ISNUMBER(B8),$B$3/B8,"") | D8: =IF(AND(ISNUMBER(B8),ISNUMBER($B$11)),B8/$B$11-1,"") | G8: =IF(AND(ISNUMBER(E8),ISNUMBER($E$11)),1-E8/$E$11,"")
A9: Fixed-128 | C9: =IF(ISNUMBER(B9),$B$3/B9,"") | D9: =IF(AND(ISNUMBER(B9),ISNUMBER($B$11)),B9/$B$11-1,"") | G9: =IF(AND(ISNUMBER(E9),ISNUMBER($E$11)),1-E9/$E$11,"")
A10: Fixed-256 | C10: =IF(ISNUMBER(B10),$B$3/B10,"") | D10: =IF(AND(ISNUMBER(B10),ISNUMBER($B$11)),B10/$B$11-1,"") | G10: =IF(AND(ISNUMBER(E10),ISNUMBER($E$11)),1-E10/$E$11,"")
A11: Fixed-512 | C11: =IF(ISNUMBER(B11),$B$3/B11,"") | D11: =IF(AND(ISNUMBER(B11),ISNUMBER($B$11)),B11/$B$11-1,"") | G11: =IF(AND(ISNUMBER(E11),ISNUMBER($E$11)),1-E11/$E$11,"")
A12: Adaptive-Feature (entropy+lặp) | C12: =IF(ISNUMBER(B12),$B$3/B12,"") | D12: =IF(AND(ISNUMBER(B12),ISNUMBER($B$11)),B12/$B$11-1,"") | G12: =IF(AND(ISNUMBER(E12),ISNUMBER($E$11)),1-E12/$E$11,"")
A13: Adaptive-DP λ=1000 | C13: =IF(ISNUMBER(B13),$B$3/B13,"") | D13: =IF(AND(ISNUMBER(B13),ISNUMBER($B$11)),B13/$B$11-1,"") | G13: =IF(AND(ISNUMBER(E13),ISNUMBER($E$11)),1-E13/$E$11,"")
A14: Adaptive-DP λ=2000 | C14: =IF(ISNUMBER(B14),$B$3/B14,"") | D14: =IF(AND(ISNUMBER(B14),ISNUMBER($B$11)),B14/$B$11-1,"") | G14: =IF(AND(ISNUMBER(E14),ISNUMBER($E$11)),1-E14/$E$11,"")
A15: Adaptive-DP λ=5000 | C15: =IF(ISNUMBER(B15),$B$3/B15,"") | D15: =IF(AND(ISNUMBER(B15),ISNUMBER($B$11)),B15/$B$11-1,"") | G15: =IF(AND(ISNUMBER(E15),ISNUMBER($E$11)),1-E15/$E$11,"")
A16: Adaptive-DP λ=12000 | C16: =IF(ISNUMBER(B16),$B$3/B16,"") | D16: =IF(AND(ISNUMBER(B16),ISNUMBER($B$11)),B16/$B$11-1,"") | G16: =IF(AND(ISNUMBER(E16),ISNUMBER($E$11)),1-E16/$E$11,"")
A17: Adaptive-DP λ=40000 | C17: =IF(ISNUMBER(B17),$B$3/B17,"") | D17: =IF(AND(ISNUMBER(B17),ISNUMBER($B$11)),B17/$B$11-1,"") | G17: =IF(AND(ISNUMBER(E17),ISNUMBER($E$11)),1-E17/$E$11,"")
A19: VÍ DỤ (mock): Fixed-512 | B19: 4685 | C19: — | D19: =B19/$B$19-1 -> 0 | E19: 3.6538 | G19: =1-E19/$E$19 -> 0
A20: VÍ DỤ (mock): Adaptive-DP λ=3000 | B20: 4693 | C20: — | D20: =B20/$B$19-1 -> 0.0017075774 | E20: 2.3741 | G20: =1-E20/$E$19 -> 0.35023811
A22: Hàng mẫu chỉ minh hoạ cột D và G (chênh kích thước & tiết kiệm thời gian ước lượng); cột Ratio bỏ trống vì mock chỉ có 6.037 token.
A24: Ablation (điền sau)
A25: Thí nghiệm | B25: Cấu hình | C25: Compressed (B) | D25: Enc (s) | E25: Kết luận ngắn
A26: A. Context | B26: Adaptive OFF: Fixed 32…512
A27: B. Online memorization | B27: No LoRA / LoRA (pipeline rank+bzip2)
A28: B. Online memorization | B28: Fixed-512 + LoRA vs Adaptive + LoRA
A29: C. Chính sách | B29: Feature (entropy) / Feature (lặp) / DP
A30: D. Dữ liệu | B30: Thuần văn xuôi / hỗn hợp wiki+code+bảng
